form_record_id,Capture ID,Observations
rec-1c29b80804c84ae1bd5daafbc7ea6ddc,Ada,
rec-45076e3a0c9d401b9ed6744c7d7c5ff9,Amelie ,
rec-69193bf8d50a481db55282309d91b116,Amy,
rec-b05f0f17b9dd4fca8e4759b20fffb45d,Bailey,
rec-c28f795f8bac4e41aa0c0d392f8d19ca,Brittney,
rec-67b65929f65d4f75b4b7bb8ce84e7a37,Bubbles,
rec-000bbd951a2e4ffe9f245bd7d234bdd1,Cali,
rec-65023feabaea42fbb03debbbb2f6f0b5,Cameo,
rec-adb3282519c94513ba55cba793c442cc,Casey,
rec-913002d1c3a24ebf9aadc501b5e6e0db,Christina,
rec-79fc08013ec443d79b02e6836ef286d4,Elaine,
rec-9439522ebe724e488b8a1c1af7add2eb,Emma,
rec-8f1399bf992d4baeaaad3260e1058171,Esme ,
rec-6b13597054ac44b5a7988611b958af4e,EVGF84,
rec-d62f4f1430914807b40565d3531dd0a6,Fran,
rec-103f064d30b54910a429e2b5d7f18a84,Grace,
rec-cf25dcc187db455eafc9770140e450a8,Hillary,
rec-0507a5f8c5584aeda79673b16666a463,Honey,
rec-03b34ececda04a479acc9a6e62fa9022,JimmyMom,
rec-d47ea8b153b04f35850b3a04f1bbdd8a,Kathy,
rec-609dd863130f415a9712798088014bec,Kim,
rec-737d627cb8814888a70f8c89efca3f53,Laura,
rec-3b6e1de6bcc24668a15e638b78513e5e,Lily,
rec-dbf1a25bf15c46c88e7536c84af1d979,Marilyn,
rec-4252f568f3154bb09c60cb86d362b669,Melanie,
rec-d20d4dd2a6d445ddab36d438f8b67595,Melissa,
rec-ecda6057352a453b9ee8af0929f454a1,Monica,
rec-575e4ba23b23473bb109a2d22361b4bd,Patty,
rec-be8d857ce3cc41bd89749c7d4124bb6c,Phoebe,
rec-d92741d029e74e6d846d96c59b725c81,Polly,
rec-b04d8bc8cc6f45e5bd461a3d95d1d6f4,Rachel,
rec-cb252cb7d94949998adfbbe352b2efbe,Sandy,
rec-07d715ad31764d61bcae110584456180,Sheena,
rec-e8619b1e543c4c3f92b05d6aa0c10719,Sophie ,
rec-86869b554d0643b3864947f9642b61e0,Sue,
rec-d20e056f4b0c4397bd16a777ccc46298,Trish,
rec-ef9fa16f5c584dfdb0a77d3be401d0b6,Turkey,
rec-916f540053c64b449789888db7635ff1,Willow,
